https://www.searchenginejournal.com/visualizing-link-data-with-screaming-frog-and-excel-part-1/43641/,
https://www.searchenginejournal.com/seo-audit/technical/,
https://www.searchenginejournal.com/seo-audit/duplicate-content/,
https://www.searchenginejournal.com/technical-seo/http-status-codes/,
https://www.searchenginejournal.com/core-web-vitals-benchmarks/377324/,
https://www.searchenginejournal.com/find-orphan-pages/276207/,
https://www.searchenginejournal.com/regex-seo-website-data-extraction/234999/,
https://www.searchenginejournal.com/xpaths-large-site-audits/329851/,
https://www.searchenginejournal.com/scrape-google-serp-custom-extractions/267211/,
https://www.searchenginejournal.com/technical-seo/404-vs-soft-404-errors/,
https://www.searchenginejournal.com/seo-audit/page-level-factors/,
https://www.searchenginejournal.com/seo-audit/website-content-factors/,
https://www.searchenginejournal.com/everything-you-need-to-know-about-the-x-robots-tag/314561/,
https://www.searchenginejournal.com/enterprise-ecommerce-seo-strategy/396983/,
https://www.searchenginejournal.com/seo-audit/content-length/,
https://www.searchenginejournal.com/seo-audit/on-site-technical-seo-factors/,
https://www.searchenginejournal.com/seo-tools/technical-seo/,
https://www.searchenginejournal.com/free-seo-site-audit-tools/284841/,
https://www.searchenginejournal.com/link-building-guide/reclaim-lost-broken-links/,
